<?xml version="1.0" encoding="UTF-8" ?>
<Banners>
<Banner>
  <id>941753</id>
  <BannerPath>fanart/original/255608-2.jpg</BannerPath>
  <BannerType>fanart</BannerType>
  <BannerType2>1920x1080</BannerType2>
  <Colors></Colors>
  <Language>en</Language>
  <Rating>10.0000</Rating>
  <RatingCount>1</RatingCount>
  <SeriesName>false</SeriesName>
  <ThumbnailPath>_cache/fanart/original/255608-2.jpg</ThumbnailPath>
  <VignettePath>fanart/vignette/255608-2.jpg</VignettePath>
</Banner>
<Banner>
  <id>941758</id>
  <BannerPath>fanart/original/255608-4.jpg</BannerPath>
  <BannerType>fanart</BannerType>
  <BannerType2>1280x720</BannerType2>
  <Colors></Colors>
  <Language>en</Language>
  <Rating>9.0000</Rating>
  <RatingCount>1</RatingCount>
  <SeriesName>true</SeriesName>
  <ThumbnailPath>_cache/fanart/original/255608-4.jpg</ThumbnailPath>
  <VignettePath>fanart/vignette/255608-4.jpg</VignettePath>
</Banner>
<Banner>
  <id>896809</id>
  <BannerPath>fanart/original/255608-1.jpg</BannerPath>
  <BannerType>fanart</BannerType>
  <BannerType2>1280x720</BannerType2>
  <Colors></Colors>
  <Language>en</Language>
  <Rating>5.6667</Rating>
  <RatingCount>3</RatingCount>
  <SeriesName>true</SeriesName>
  <ThumbnailPath>_cache/fanart/original/255608-1.jpg</ThumbnailPath>
  <VignettePath>fanart/vignette/255608-1.jpg</VignettePath>
</Banner>
<Banner>
  <id>945611</id>
  <BannerPath>posters/255608-3.jpg</BannerPath>
  <BannerType>poster</BannerType>
  <BannerType2>680x1000</BannerType2>
  <Language>en</Language>
  <Rating>10.0000</Rating>
  <RatingCount>1</RatingCount>
</Banner>
<Banner>
  <id>897741</id>
  <BannerPath>posters/255608-2.jpg</BannerPath>
  <BannerType>poster</BannerType>
  <BannerType2>680x1000</BannerType2>
  <Language>en</Language>
  <Rating>7.8000</Rating>
  <RatingCount>5</RatingCount>
</Banner>
<Banner>
  <id>908802</id>
  <BannerPath>seasons/255608-1.jpg</BannerPath>
  <BannerType>season</BannerType>
  <BannerType2>season</BannerType2>
  <Language>en</Language>
  <Rating>10.0000</Rating>
  <RatingCount>1</RatingCount>
  <Season>1</Season>
</Banner>
<Banner>
  <id>934437</id>
  <BannerPath>seasons/255608-2.jpg</BannerPath>
  <BannerType>season</BannerType>
  <BannerType2>season</BannerType2>
  <Language>en</Language>
  <Rating></Rating>
  <RatingCount>0</RatingCount>
  <Season>2</Season>
</Banner>
<Banner>
  <id>908777</id>
  <BannerPath>seasonswide/255608-1.jpg</BannerPath>
  <BannerType>season</BannerType>
  <BannerType2>seasonwide</BannerType2>
  <Language>en</Language>
  <Rating>10.0000</Rating>
  <RatingCount>1</RatingCount>
  <Season>1</Season>
</Banner>
<Banner>
  <id>897109</id>
  <BannerPath>graphical/255608-g3.jpg</BannerPath>
  <BannerType>series</BannerType>
  <BannerType2>graphical</BannerType2>
  <Language>en</Language>
  <Rating>9.0000</Rating>
  <RatingCount>2</RatingCount>
</Banner>
<Banner>
  <id>896016</id>
  <BannerPath>graphical/255608-g2.jpg</BannerPath>
  <BannerType>series</BannerType>
  <BannerType2>graphical</BannerType2>
  <Language>en</Language>
  <Rating>6.0000</Rating>
  <RatingCount>1</RatingCount>
</Banner>
<Banner>
  <id>895314</id>
  <BannerPath>graphical/255608-g.jpg</BannerPath>
  <BannerType>series</BannerType>
  <BannerType2>graphical</BannerType2>
  <Language>en</Language>
  <Rating>3.0000</Rating>
  <RatingCount>1</RatingCount>
</Banner>
</Banners>